<?xml version="1.0" encoding="utf-8"?>
<System>
  <P Name="Location">[0, 25, 1440, 900]</P>
  <P Name="ZoomFactor">78</P>
  <P Name="ReportName">simulink-default.rpt</P>
  <P Name="SIDHighWatermark">116</P>
  <Block BlockType="Saturate" Name="+/-10V" SID="90">
    <P Name="Position">[755, 190, 785, 220]</P>
    <P Name="ZOrder">95</P>
    <P Name="UpperLimit">10</P>
    <P Name="LowerLimit">-10</P>
  </Block>
  <Block BlockType="Scope" Name="Ball Position (cm)" SID="91">
    <PortCounts in="1"/>
    <P Name="Position">[1135, 159, 1165, 191]</P>
    <P Name="ZOrder">93</P>
    <P Name="ScopeSpecificationString">Simulink.scopes.TimeScopeBlockCfg(&apos;CurrentConfiguration&apos;, extmgr.ConfigurationSet(extmgr.Configuration(&apos;Core&apos;,&apos;General UI&apos;,true),extmgr.Configuration(&apos;Core&apos;,&apos;Source UI&apos;,true),extmgr.Configuration(&apos;Sources&apos;,&apos;WiredSimulink&apos;,true,&apos;DataLoggingVariableName&apos;,&apos;ScopeData1&apos;,&apos;DataLogging&apos;,true,&apos;DataLoggingSaveFormat&apos;,&apos;StructureWithTime&apos;),extmgr.Configuration(&apos;Visuals&apos;,&apos;Time Domain&apos;,true,&apos;SerializedDisplays&apos;,{struct(&apos;MinYLimReal&apos;,&apos;-19.03488&apos;,&apos;MaxYLimReal&apos;,&apos;19.02048&apos;,&apos;YLabelReal&apos;,&apos;&apos;,&apos;MinYLimMag&apos;,&apos;0.00000&apos;,&apos;MaxYLimMag&apos;,&apos;19.03488&apos;,&apos;LegendVisibility&apos;,&apos;Off&apos;,&apos;XGrid&apos;,true,&apos;YGrid&apos;,true,&apos;PlotMagPhase&apos;,false,&apos;AxesColor&apos;,[0 0 0],&apos;AxesTickColor&apos;,[0.686274509803922 0.686274509803922 0.686274509803922],&apos;ColorOrder&apos;,[1 1 0.0666666666666667;0.0745098039215686 0.623529411764706 1;1 0.411764705882353 0.16078431372549;0.392156862745098 0.831372549019608 0.0745098039215686;0.717647058823529 0.274509803921569 1;0.0588235294117647 1 1;1 0.0745098039215686 0.650980392156863],&apos;Title&apos;,&apos;%&lt;SignalLabel&gt;&apos;,&apos;LinePropertiesCache&apos;,{{}},&apos;UserDefinedChannelNames&apos;,{{}},&apos;NumLines&apos;,2,&apos;LineNames&apos;,{{&apos;cm/m:1&apos;,&apos;cm/m:2&apos;}},&apos;ShowContent&apos;,true,&apos;Placement&apos;,1)},&apos;DisplayPropertyDefaults&apos;,struct(&apos;MinYLimReal&apos;,&apos;-19.03488&apos;,&apos;MaxYLimReal&apos;,&apos;19.02048&apos;,&apos;YLabelReal&apos;,&apos;&apos;,&apos;MinYLimMag&apos;,&apos;0.00000&apos;,&apos;MaxYLimMag&apos;,&apos;19.03488&apos;,&apos;LegendVisibility&apos;,&apos;Off&apos;,&apos;XGrid&apos;,true,&apos;YGrid&apos;,true,&apos;PlotMagPhase&apos;,false,&apos;AxesColor&apos;,[0 0 0],&apos;AxesTickColor&apos;,[0.686274509803922 0.686274509803922 0.686274509803922],&apos;ColorOrder&apos;,[0.0745098039215686 0.623529411764706 1;1 0.411764705882353 0.16078431372549;1 1 0.0666666666666667;0.717647058823529 0.274509803921569 1;0.392156862745098 0.831372549019608 0.0745098039215686;0.0588235294117647 1 1;1 0.0745098039215686 0.650980392156863])),extmgr.Configuration(&apos;Tools&apos;,&apos;Plot Navigation&apos;,true,&apos;OnceAtStop&apos;,false,&apos;PreviousZoomMode&apos;,&apos;ZoomX&apos;,&apos;AutoscaleMode&apos;,&apos;Auto&apos;),extmgr.Configuration(&apos;Tools&apos;,&apos;Measurements&apos;,true,&apos;Version&apos;,&apos;2020b&apos;)),&apos;Version&apos;,&apos;2020b&apos;,&apos;Position&apos;,[1 62 1440 735],&apos;VisibleAtModelOpen&apos;,&apos;on&apos;)</P>
    <P Name="NumInputPorts">1</P>
    <P Name="Floating">off</P>
  </Block>
  <Block BlockType="SubSystem" Name="Ball and Beam Model" SID="92">
    <PortCounts in="1" out="2"/>
    <P Name="Position">[835, 166, 935, 244]</P>
    <P Name="ZOrder">91</P>
    <System Ref="system_92"/>
  </Block>
  <Block BlockType="Clock" Name="Clock" SID="46">
    <P Name="Position">[10, 20, 30, 40]</P>
    <P Name="ZOrder">37</P>
  </Block>
  <Block BlockType="SubSystem" Name="MATLAB Function" SID="47">
    <PortCounts in="1" out="3"/>
    <P Name="Position">[130, 96, 200, 144]</P>
    <P Name="ZOrder">69</P>
    <P Name="ErrorFcn">Stateflow.Translate.translate</P>
    <P Name="PermitHierarchicalResolution">ExplicitOnly</P>
    <P Name="TreatAsAtomicUnit">on</P>
    <P Name="SFBlockType">MATLAB Function</P>
    <P Name="ContentPreviewEnabled">on</P>
    <PortProperties>
      <Port Type="out" Index="1">
        <P Name="PropagatedSignals">p_ref</P>
      </Port>
      <Port Type="out" Index="2">
        <P Name="PropagatedSignals">v_ref</P>
      </Port>
      <Port Type="out" Index="3">
        <P Name="PropagatedSignals">a_ref</P>
      </Port>
    </PortProperties>
    <System Ref="system_47"/>
  </Block>
  <Block BlockType="MATLABSystem" Name="MATLAB System" SID="45">
    <PortCounts in="3" out="6"/>
    <P Name="Position">[385, 143, 600, 267]</P>
    <P Name="ZOrder">68</P>
    <P Name="System">studentControllerInterface</P>
    <P Name="MaskType">studentControllerInterface</P>
    <P Name="MaskDisplay">disp(&apos;studentControllerInterface&apos;);
port_label(&apos;input&apos;,1,&apos;currentTime&apos;);
port_label(&apos;input&apos;,2,&apos;measuredBallPosition&apos;);
port_label(&apos;input&apos;,3,&apos;measuredAngle&apos;);
port_label(&apos;output&apos;,1,&apos;V_servo&apos;);
port_label(&apos;output&apos;,2,&apos;estimatedPosition&apos;);
port_label(&apos;output&apos;,3,&apos;estimatedVelocity&apos;);
port_label(&apos;output&apos;,4,&apos;estimatedAngle&apos;);
port_label(&apos;output&apos;,5,&apos;estimatedAngularVelocity&apos;);
port_label(&apos;output&apos;,6,&apos;cumulativeErrorOut&apos;);
</P>
    <P Name="SimulateUsing">Code generation</P>
  </Block>
  <Block BlockType="Mux" Name="Mux" SID="104">
    <PortCounts in="2" out="1"/>
    <P Name="Position">[1040, 156, 1045, 194]</P>
    <P Name="ZOrder">90</P>
    <P Name="ShowName">off</P>
    <P Name="Inputs">2</P>
    <P Name="DisplayOption">bar</P>
  </Block>
  <Block BlockType="Reference" Name="Radians&#xA;to Degrees" SID="105">
    <PortCounts in="1" out="1"/>
    <P Name="Position">[785, 300, 815, 330]</P>
    <P Name="ZOrder">89</P>
    <P Name="LibraryVersion">10.0</P>
    <P Name="SourceBlock">simulink_extras/Transformations/Radians
to Degrees</P>
    <P Name="SourceType">RadiansToDegrees</P>
    <InstanceData>
      <P Name="RTWMemSecFuncInitTerm">Inherit from model</P>
      <P Name="RTWMemSecFuncExecute">Inherit from model</P>
      <P Name="RTWMemSecDataConstants">Inherit from model</P>
      <P Name="RTWMemSecDataInternal">Inherit from model</P>
      <P Name="RTWMemSecDataParameters">Inherit from model</P>
      <P Name="ContentPreviewEnabled">off</P>
    </InstanceData>
  </Block>
  <Block BlockType="Scope" Name="Servo Angle (deg)" SID="106">
    <PortCounts in="1"/>
    <P Name="Position">[860, 299, 890, 331]</P>
    <P Name="ZOrder">94</P>
    <P Name="ScopeSpecificationString">Simulink.scopes.TimeScopeBlockCfg(&apos;CurrentConfiguration&apos;, extmgr.ConfigurationSet(extmgr.Configuration(&apos;Core&apos;,&apos;General UI&apos;,true),extmgr.Configuration(&apos;Core&apos;,&apos;Source UI&apos;,true),extmgr.Configuration(&apos;Sources&apos;,&apos;WiredSimulink&apos;,true,&apos;DataLoggingVariableName&apos;,&apos;ScopeData2&apos;,&apos;DataLogging&apos;,true,&apos;DataLoggingSaveFormat&apos;,&apos;StructureWithTime&apos;),extmgr.Configuration(&apos;Visuals&apos;,&apos;Time Domain&apos;,true,&apos;SerializedDisplays&apos;,{struct(&apos;MinYLimReal&apos;,&apos;-46.20623&apos;,&apos;MaxYLimReal&apos;,&apos;63.69559&apos;,&apos;YLabelReal&apos;,&apos;&apos;,&apos;MinYLimMag&apos;,&apos;0.00000&apos;,&apos;MaxYLimMag&apos;,&apos;63.69559&apos;,&apos;LegendVisibility&apos;,&apos;Off&apos;,&apos;XGrid&apos;,true,&apos;YGrid&apos;,true,&apos;PlotMagPhase&apos;,false,&apos;AxesColor&apos;,[0 0 0],&apos;AxesTickColor&apos;,[0.686274509803922 0.686274509803922 0.686274509803922],&apos;ColorOrder&apos;,[1 1 0.0666666666666667;0.0745098039215686 0.623529411764706 1;1 0.411764705882353 0.16078431372549;0.392156862745098 0.831372549019608 0.0745098039215686;0.717647058823529 0.274509803921569 1;0.0588235294117647 1 1;1 0.0745098039215686 0.650980392156863],&apos;Title&apos;,&apos;%&lt;SignalLabel&gt;&apos;,&apos;LinePropertiesCache&apos;,{{}},&apos;UserDefinedChannelNames&apos;,{{}},&apos;NumLines&apos;,1,&apos;LineNames&apos;,{{&apos;Radians to Degrees&apos;}},&apos;ShowContent&apos;,true,&apos;Placement&apos;,1)},&apos;DisplayPropertyDefaults&apos;,struct(&apos;MinYLimReal&apos;,&apos;-46.20623&apos;,&apos;MaxYLimReal&apos;,&apos;63.69559&apos;,&apos;YLabelReal&apos;,&apos;&apos;,&apos;MinYLimMag&apos;,&apos;0.00000&apos;,&apos;MaxYLimMag&apos;,&apos;63.69559&apos;,&apos;LegendVisibility&apos;,&apos;Off&apos;,&apos;XGrid&apos;,true,&apos;YGrid&apos;,true,&apos;PlotMagPhase&apos;,false,&apos;AxesColor&apos;,[0 0 0],&apos;AxesTickColor&apos;,[0.686274509803922 0.686274509803922 0.686274509803922],&apos;ColorOrder&apos;,[0.0745098039215686 0.623529411764706 1;1 0.411764705882353 0.16078431372549;1 1 0.0666666666666667;0.717647058823529 0.274509803921569 1;0.392156862745098 0.831372549019608 0.0745098039215686;0.0588235294117647 1 1;1 0.0745098039215686 0.650980392156863])),extmgr.Configuration(&apos;Tools&apos;,&apos;Plot Navigation&apos;,true),extmgr.Configuration(&apos;Tools&apos;,&apos;Measurements&apos;,true,&apos;Version&apos;,&apos;2020b&apos;)),&apos;Version&apos;,&apos;2020b&apos;,&apos;Position&apos;,[35 136 1371 629],&apos;VisibleAtModelOpen&apos;,&apos;on&apos;)</P>
    <P Name="NumInputPorts">1</P>
    <P Name="Floating">off</P>
  </Block>
  <Block BlockType="ToWorkspace" Name="To Workspace" SID="110">
    <PortCounts in="1"/>
    <P Name="Position">[1040, 425, 1130, 455]</P>
    <P Name="ZOrder">97</P>
    <P Name="VariableName">us</P>
    <P Name="MaxDataPoints">inf</P>
    <P Name="Save2DSignal">2-D array (concatenate along first dimension)</P>
    <P Name="FixptAsFi">on</P>
    <P Name="SampleTime">0.01</P>
  </Block>
  <Block BlockType="ToWorkspace" Name="To Workspace1" SID="115">
    <PortCounts in="1"/>
    <P Name="Position">[825, 35, 915, 65]</P>
    <P Name="ZOrder">102</P>
    <P Name="VariableName">ref_ps</P>
    <P Name="MaxDataPoints">inf</P>
    <P Name="Save2DSignal">2-D array (concatenate along first dimension)</P>
    <P Name="FixptAsFi">on</P>
    <P Name="SampleTime">0.01</P>
  </Block>
  <Block BlockType="ToWorkspace" Name="To Workspace2" SID="112">
    <PortCounts in="1"/>
    <P Name="Position">[1040, 210, 1130, 240]</P>
    <P Name="ZOrder">99</P>
    <P Name="VariableName">ps</P>
    <P Name="MaxDataPoints">inf</P>
    <P Name="Save2DSignal">2-D array (concatenate along first dimension)</P>
    <P Name="FixptAsFi">on</P>
    <P Name="SampleTime">0.01</P>
  </Block>
  <Block BlockType="ToWorkspace" Name="To Workspace3" SID="113">
    <PortCounts in="1"/>
    <P Name="Position">[1040, 270, 1130, 300]</P>
    <P Name="ZOrder">100</P>
    <P Name="VariableName">thetas</P>
    <P Name="MaxDataPoints">inf</P>
    <P Name="Save2DSignal">2-D array (concatenate along first dimension)</P>
    <P Name="FixptAsFi">on</P>
    <P Name="SampleTime">0.01</P>
  </Block>
  <Block BlockType="ToWorkspace" Name="To Workspace4" SID="114">
    <PortCounts in="1"/>
    <P Name="Position">[120, 15, 210, 45]</P>
    <P Name="ZOrder">101</P>
    <P Name="VariableName">ts</P>
    <P Name="MaxDataPoints">inf</P>
    <P Name="Save2DSignal">2-D array (concatenate along first dimension)</P>
    <P Name="FixptAsFi">on</P>
    <P Name="SampleTime">0.01</P>
  </Block>
  <Block BlockType="ToWorkspace" Name="To Workspace5" SID="116">
    <PortCounts in="1"/>
    <P Name="Position">[825, -10, 915, 20]</P>
    <P Name="ZOrder">103</P>
    <P Name="VariableName">ref_vs</P>
    <P Name="MaxDataPoints">inf</P>
    <P Name="Save2DSignal">2-D array (concatenate along first dimension)</P>
    <P Name="FixptAsFi">on</P>
    <P Name="SampleTime">0.01</P>
  </Block>
  <Block BlockType="Scope" Name="Vm (V)" SID="107">
    <PortCounts in="1"/>
    <P Name="Position">[885, 114, 915, 146]</P>
    <P Name="ZOrder">92</P>
    <P Name="ScopeSpecificationString">Simulink.scopes.TimeScopeBlockCfg(&apos;CurrentConfiguration&apos;, extmgr.ConfigurationSet(extmgr.Configuration(&apos;Core&apos;,&apos;General UI&apos;,true),extmgr.Configuration(&apos;Core&apos;,&apos;Source UI&apos;,true),extmgr.Configuration(&apos;Sources&apos;,&apos;WiredSimulink&apos;,true,&apos;DataLogging&apos;,true,&apos;DataLoggingSaveFormat&apos;,&apos;StructureWithTime&apos;),extmgr.Configuration(&apos;Visuals&apos;,&apos;Time Domain&apos;,true,&apos;SerializedDisplays&apos;,{struct(&apos;MinYLimReal&apos;,&apos;-4.60206&apos;,&apos;MaxYLimReal&apos;,&apos;6.84467&apos;,&apos;YLabelReal&apos;,&apos;&apos;,&apos;MinYLimMag&apos;,&apos;0.00000&apos;,&apos;MaxYLimMag&apos;,&apos;6.84467&apos;,&apos;LegendVisibility&apos;,&apos;Off&apos;,&apos;XGrid&apos;,true,&apos;YGrid&apos;,true,&apos;PlotMagPhase&apos;,false,&apos;AxesColor&apos;,[0 0 0],&apos;AxesTickColor&apos;,[0.686274509803922 0.686274509803922 0.686274509803922],&apos;ColorOrder&apos;,[1 1 0.0666666666666667;0.0745098039215686 0.623529411764706 1;1 0.411764705882353 0.16078431372549;0.392156862745098 0.831372549019608 0.0745098039215686;0.717647058823529 0.274509803921569 1;0.0588235294117647 1 1;1 0.0745098039215686 0.650980392156863],&apos;Title&apos;,&apos;%&lt;SignalLabel&gt;&apos;,&apos;LinePropertiesCache&apos;,{{}},&apos;UserDefinedChannelNames&apos;,{{}},&apos;NumLines&apos;,1,&apos;LineNames&apos;,{{&apos;+/-10V&apos;}},&apos;ShowContent&apos;,true,&apos;Placement&apos;,1)},&apos;DisplayPropertyDefaults&apos;,struct(&apos;MinYLimReal&apos;,&apos;-4.60206&apos;,&apos;MaxYLimReal&apos;,&apos;6.84467&apos;,&apos;YLabelReal&apos;,&apos;&apos;,&apos;MinYLimMag&apos;,&apos;0.00000&apos;,&apos;MaxYLimMag&apos;,&apos;6.84467&apos;,&apos;LegendVisibility&apos;,&apos;Off&apos;,&apos;XGrid&apos;,true,&apos;YGrid&apos;,true,&apos;PlotMagPhase&apos;,false,&apos;AxesColor&apos;,[0 0 0],&apos;AxesTickColor&apos;,[0.686274509803922 0.686274509803922 0.686274509803922],&apos;ColorOrder&apos;,[0.0745098039215686 0.623529411764706 1;1 0.411764705882353 0.16078431372549;1 1 0.0666666666666667;0.717647058823529 0.274509803921569 1;0.392156862745098 0.831372549019608 0.0745098039215686;0.0588235294117647 1 1;1 0.0745098039215686 0.650980392156863])),extmgr.Configuration(&apos;Tools&apos;,&apos;Plot Navigation&apos;,true),extmgr.Configuration(&apos;Tools&apos;,&apos;Measurements&apos;,true,&apos;Version&apos;,&apos;2020b&apos;)),&apos;Version&apos;,&apos;2020b&apos;,&apos;Position&apos;,[1 1 1440 796],&apos;VisibleAtModelOpen&apos;,&apos;on&apos;)</P>
    <P Name="NumInputPorts">1</P>
    <P Name="Floating">off</P>
  </Block>
  <Block BlockType="Gain" Name="cm/m" SID="108">
    <P Name="Position">[1070, 160, 1100, 190]</P>
    <P Name="ZOrder">88</P>
    <P Name="Gain">100</P>
  </Block>
  <Line>
    <P Name="ZOrder">62</P>
    <P Name="Src">46#out:1</P>
    <P Name="Points">[36, 0]</P>
    <Branch>
      <P Name="ZOrder">238</P>
      <P Name="Dst">114#in:1</P>
    </Branch>
    <Branch>
      <P Name="ZOrder">237</P>
      <P Name="Points">[0, 90]</P>
      <Branch>
        <P Name="ZOrder">133</P>
        <P Name="Dst">47#in:1</P>
      </Branch>
      <Branch>
        <P Name="ZOrder">132</P>
        <P Name="Points">[0, 45]</P>
        <P Name="Dst">45#in:1</P>
      </Branch>
    </Branch>
  </Line>
  <Line>
    <P Name="ZOrder">193</P>
    <P Name="Src">105#out:1</P>
    <P Name="Dst">106#in:1</P>
  </Line>
  <Line>
    <P Name="ZOrder">196</P>
    <P Name="Src">92#out:2</P>
    <P Name="Points">[9, 0; 0, 55]</P>
    <Branch>
      <P Name="ZOrder">235</P>
      <P Name="Points">[0, 5]</P>
      <P Name="Dst">113#in:1</P>
    </Branch>
    <Branch>
      <P Name="ZOrder">234</P>
      <P Name="Points">[-299, 0]</P>
      <Branch>
        <P Name="ZOrder">215</P>
        <P Name="Points">[0, 35]</P>
        <P Name="Dst">105#in:1</P>
      </Branch>
      <Branch>
        <P Name="ZOrder">214</P>
        <P Name="Points">[-289, 0; 0, -35]</P>
        <P Name="Dst">45#in:3</P>
      </Branch>
    </Branch>
  </Line>
  <Line>
    <P Name="ZOrder">198</P>
    <P Name="Src">108#out:1</P>
    <P Name="Dst">91#in:1</P>
  </Line>
  <Line>
    <P Name="ZOrder">203</P>
    <P Name="Src">92#out:1</P>
    <P Name="Points">[34, 0]</P>
    <Branch>
      <P Name="ZOrder">233</P>
      <P Name="Points">[0, 40]</P>
      <P Name="Dst">112#in:1</P>
    </Branch>
    <Branch>
      <P Name="ZOrder">232</P>
      <P Name="Points">[34, 0]</P>
      <Branch>
        <P Name="ZOrder">218</P>
        <P Name="Points">[0, 193; -671, 0; 0, -173]</P>
        <P Name="Dst">45#in:2</P>
      </Branch>
      <Branch>
        <P Name="ZOrder">217</P>
        <P Name="Dst">104#in:2</P>
      </Branch>
    </Branch>
  </Line>
  <Line>
    <P Name="ZOrder">210</P>
    <P Name="Src">47#out:1</P>
    <P Name="Points">[508, 0]</P>
    <Branch>
      <P Name="ZOrder">263</P>
      <P Name="Points">[0, -55]</P>
      <P Name="Dst">115#in:1</P>
    </Branch>
    <Branch>
      <P Name="ZOrder">262</P>
      <P Name="Points">[275, 0; 0, 60]</P>
      <P Name="Dst">104#in:1</P>
    </Branch>
  </Line>
  <Line>
    <P Name="ZOrder">207</P>
    <P Name="Src">90#out:1</P>
    <P Name="Points">[29, 0]</P>
    <Branch>
      <P Name="ZOrder">206</P>
      <P Name="Dst">92#in:1</P>
    </Branch>
    <Branch>
      <P Name="ZOrder">205</P>
      <P Name="Points">[0, -75]</P>
      <P Name="Dst">107#in:1</P>
    </Branch>
  </Line>
  <Line>
    <P Name="ZOrder">208</P>
    <P Name="Src">104#out:1</P>
    <P Name="Dst">108#in:1</P>
  </Line>
  <Line>
    <P Name="ZOrder">211</P>
    <P Name="Src">45#out:1</P>
    <P Name="Points">[22, 0; 0, 50]</P>
    <Branch>
      <P Name="ZOrder">228</P>
      <P Name="Points">[0, 235]</P>
      <P Name="Dst">110#in:1</P>
    </Branch>
    <Branch>
      <P Name="ZOrder">227</P>
      <P Name="Dst">90#in:1</P>
    </Branch>
  </Line>
  <Line>
    <P Name="ZOrder">264</P>
    <P Name="Src">47#out:2</P>
    <P Name="Points">[434, 0; 0, -115]</P>
    <P Name="Dst">116#in:1</P>
  </Line>
</System>
