<?xml version="1.0" encoding="utf-8"?>
<System>
  <P Name="Location">[0, 25, 1440, 900]</P>
  <Block BlockType="Inport" Name="Vm (V)" SID="93">
    <P Name="Position">[5, 73, 35, 87]</P>
    <P Name="ZOrder">-1</P>
  </Block>
  <Block BlockType="Gain" Name="Model Gain &#xA;(m/s^2/rad)" SID="94">
    <P Name="Position">[350, 65, 390, 95]</P>
    <P Name="ZOrder">-2</P>
    <P Name="Gain">K_bb</P>
  </Block>
  <Block BlockType="Integrator" Name="SRV02:&#xA;Vel to Pos" SID="95">
    <PortCounts in="1" out="1"/>
    <P Name="Position">[190, 65, 220, 95]</P>
    <P Name="ZOrder">-3</P>
  </Block>
  <Block BlockType="TransferFcn" Name="Servo Model" SID="96">
    <P Name="Position">[65, 57, 165, 103]</P>
    <P Name="ZOrder">-4</P>
    <P Name="Numerator">[K]</P>
    <P Name="Denominator">[tau 1]</P>
  </Block>
  <Block BlockType="Trigonometry" Name="Trigonometric&#xA;Function" SID="97">
    <PortCounts in="1" out="1"/>
    <P Name="Position">[275, 65, 305, 95]</P>
    <P Name="ZOrder">-5</P>
  </Block>
  <Block BlockType="Integrator" Name="acc to vel:&#xA;x_dot" SID="98">
    <PortCounts in="1" out="1"/>
    <P Name="Position">[440, 65, 470, 95]</P>
    <P Name="ZOrder">-6</P>
  </Block>
  <Block BlockType="Integrator" Name="vel to pos: &#xA;x" SID="99">
    <PortCounts in="1" out="1"/>
    <P Name="Position">[510, 65, 540, 95]</P>
    <P Name="ZOrder">-7</P>
  </Block>
  <Block BlockType="Outport" Name="x (m)" SID="100">
    <P Name="Position">[620, 73, 650, 87]</P>
    <P Name="ZOrder">-8</P>
  </Block>
  <Block BlockType="Outport" Name="theta_l (rad)" SID="101">
    <P Name="Position">[260, 138, 290, 152]</P>
    <P Name="ZOrder">-9</P>
    <P Name="Port">2</P>
  </Block>
  <Line>
    <P Name="ZOrder">1</P>
    <P Name="Src">96#out:1</P>
    <P Name="Dst">95#in:1</P>
  </Line>
  <Line>
    <P Name="ZOrder">2</P>
    <P Name="Src">94#out:1</P>
    <P Name="Dst">98#in:1</P>
  </Line>
  <Line>
    <P Name="ZOrder">3</P>
    <P Name="Src">98#out:1</P>
    <P Name="Dst">99#in:1</P>
  </Line>
  <Line>
    <P Name="ZOrder">4</P>
    <P Name="Src">97#out:1</P>
    <P Name="Dst">94#in:1</P>
  </Line>
  <Line>
    <P Name="ZOrder">5</P>
    <P Name="Src">93#out:1</P>
    <P Name="Dst">96#in:1</P>
  </Line>
  <Line>
    <P Name="ZOrder">6</P>
    <P Name="Src">95#out:1</P>
    <P Name="Points">[10, 0]</P>
    <Branch>
      <P Name="ZOrder">7</P>
      <P Name="Dst">97#in:1</P>
    </Branch>
    <Branch>
      <P Name="ZOrder">8</P>
      <P Name="Points">[0, 65]</P>
      <P Name="Dst">101#in:1</P>
    </Branch>
  </Line>
  <Line>
    <P Name="ZOrder">9</P>
    <P Name="Src">99#out:1</P>
    <P Name="Dst">100#in:1</P>
  </Line>
  <Annotation SID="103">
    <P Name="Name">Servo Model</P>
    <P Name="Position">[136, 31, 194, 46]</P>
    <P Name="InternalMargins">[0, 0, 0, 0]</P>
    <P Name="HorizontalAlignment">center</P>
    <P Name="VerticalAlignment">middle</P>
    <P Name="ZOrder">-1</P>
  </Annotation>
  <Annotation SID="102">
    <P Name="Name">Ball and Beam Model</P>
    <P Name="Position">[356, 41, 452, 56]</P>
    <P Name="InternalMargins">[0, 0, 0, 0]</P>
    <P Name="HorizontalAlignment">center</P>
    <P Name="VerticalAlignment">middle</P>
    <P Name="ZOrder">-2</P>
  </Annotation>
</System>
