<?xml version="1.0" encoding="utf-8"?>
<System>
  <P Name="Location">[223, 338, 826, 833]</P>
  <P Name="SIDHighWatermark">26</P>
  <Block BlockType="Inport" Name="t" SID="47::1">
    <P Name="Position">[20, 101, 40, 119]</P>
    <P Name="ZOrder">-1</P>
  </Block>
  <Block BlockType="Demux" Name=" Demux " SID="47::25">
    <PortCounts in="1" out="1"/>
    <P Name="Position">[270, 245, 320, 285]</P>
    <P Name="ZOrder">16</P>
    <P Name="Outputs">1</P>
  </Block>
  <Block BlockType="S-Function" Name=" SFunction " SID="47::24">
    <P Name="Tag">Stateflow S-Function 2</P>
    <PortCounts in="1" out="4"/>
    <P Name="Position">[180, 102, 230, 203]</P>
    <P Name="ZOrder">15</P>
    <P Name="FunctionName">sf_sfun</P>
    <P Name="PortCounts">[1 4]</P>
    <P Name="SFunctionDeploymentMode">off</P>
    <P Name="EnableBusSupport">on</P>
    <P Name="SFcnIsStateOwnerBlock">off</P>
    <PortProperties>
      <Port Type="out" Index="2">
        <P Name="Name">p_ref</P>
      </Port>
      <Port Type="out" Index="3">
        <P Name="Name">v_ref</P>
      </Port>
      <Port Type="out" Index="4">
        <P Name="Name">a_ref</P>
      </Port>
    </PortProperties>
  </Block>
  <Block BlockType="Terminator" Name=" Terminator " SID="47::26">
    <P Name="Position">[460, 256, 480, 274]</P>
    <P Name="ZOrder">17</P>
  </Block>
  <Block BlockType="Outport" Name="p_ref" SID="47::5">
    <P Name="Position">[460, 101, 480, 119]</P>
    <P Name="ZOrder">-5</P>
  </Block>
  <Block BlockType="Outport" Name="v_ref" SID="47::22">
    <P Name="Position">[460, 136, 480, 154]</P>
    <P Name="ZOrder">13</P>
    <P Name="Port">2</P>
  </Block>
  <Block BlockType="Outport" Name="a_ref" SID="47::23">
    <P Name="Position">[460, 171, 480, 189]</P>
    <P Name="ZOrder">14</P>
    <P Name="Port">3</P>
  </Block>
  <Line>
    <P Name="ZOrder">12</P>
    <P Name="Src">47::1#out:1</P>
    <P Name="Points">[65, 0; 0, 45]</P>
    <P Name="Dst">47::24#in:1</P>
  </Line>
  <Line>
    <P Name="Name">p_ref</P>
    <P Name="ZOrder">13</P>
    <P Name="Labels">[0, 0]</P>
    <P Name="Src">47::24#out:2</P>
    <P Name="Points">[55, 0; 0, -30]</P>
    <P Name="Dst">47::5#in:1</P>
  </Line>
  <Line>
    <P Name="Name">v_ref</P>
    <P Name="ZOrder">14</P>
    <P Name="Labels">[0, 0]</P>
    <P Name="Src">47::24#out:3</P>
    <P Name="Points">[111, 0; 0, -20]</P>
    <P Name="Dst">47::22#in:1</P>
  </Line>
  <Line>
    <P Name="Name">a_ref</P>
    <P Name="ZOrder">15</P>
    <P Name="Labels">[0, 0]</P>
    <P Name="Src">47::24#out:4</P>
    <P Name="Points">[166, 0; 0, -10]</P>
    <P Name="Dst">47::23#in:1</P>
  </Line>
  <Line>
    <P Name="ZOrder">16</P>
    <P Name="Src">47::25#out:1</P>
    <P Name="Dst">47::26#in:1</P>
  </Line>
  <Line>
    <P Name="ZOrder">17</P>
    <P Name="Src">47::24#out:1</P>
    <P Name="Points">[15, 0; 0, 150]</P>
    <P Name="Dst">47::25#in:1</P>
  </Line>
</System>
