<?xml version="1.0" encoding="UTF-8"?>
<sltp_editor version="1.1" packageUris="http://schema.mathworks.com/mf0/DiagramEditor/R2019a_20181107 http://schema.mathworks.com/mf0/SltpSyntax/R2022b_202203181006">
  <sltp.mm.syntax.Context type="sltp.mm.syntax.Context" uuid="ed12094f-c113-48af-86ac-991ed0a63d9a">
    <rootGraph type="sltp.mm.syntax.Graph" uuid="9ecaec46-124d-4f73-ab10-5ea0a1c84f21">
      <priorityDirection>HighNumberFirst</priorityDirection>
      <title>Default</title>
      <diagramElement type="diagram.editor.model.Diagram" uuid="7d6357e1-5bd7-495e-8d0a-0e7124cdf510"/>
    </rootGraph>
  </sltp.mm.syntax.Context>
  <diagram.editor.model.Diagram type="diagram.editor.model.Diagram" uuid="7d6357e1-5bd7-495e-8d0a-0e7124cdf510">
    <syntaxElement type="sltp.mm.syntax.Graph" uuid="9ecaec46-124d-4f73-ab10-5ea0a1c84f21"/>
    <title>Default</title>
    <type>graph.Graph</type>
  </diagram.editor.model.Diagram>
</sltp_editor>