<?xml version="1.0" encoding="UTF-8"?>
<sltp_graph version="1.1" packageUris="http://schema.mathworks.com/mf0/sltp_mm/R2022b_202203181029">
  <sltp.mm.core.Context type="sltp.mm.core.Context" uuid="74ad5fa1-c5f9-41fe-92a4-976949c20c05">
    <editorState type="sltp.mm.core.EditorState" uuid="f5980e21-d06a-4747-a2b3-33bf13504fac">
      <panelState type="sltp.mm.core.EditorPanelState" uuid="eeb9cf6a-4ab9-4907-91fc-d919804c4411"/>
    </editorState>
    <rootTask type="sltp.mm.core.Task" uuid="d4542ee0-42ba-4628-ac3b-f073a4a857ec">
      <context type="sltp.mm.core.Context" uuid="74ad5fa1-c5f9-41fe-92a4-976949c20c05"/>
      <explicit>false</explicit>
      <name>Default</name>
      <priority>-2147483648</priority>
      <subgraph type="sltp.mm.core.Graph" uuid="0b6501fb-fe2b-4d66-9066-5fcb27259c7a"/>
    </rootTask>
  </sltp.mm.core.Context>
</sltp_graph>